id,zipcode,season_price,median_price,season,price,sell_price,profit
3352402236,98178,281000.0,279000.0,winter,252500.0,328250.0,75750.0
185000118,98178,272000.0,279000.0,summer,212000.0,275600.0,63600.0
8068000585,98178,281000.0,279000.0,winter,235000.0,305500.0,70500.0
7129300420,98178,281000.0,279000.0,winter,258000.0,335400.0,77400.0
1180008315,98178,272000.0,279000.0,summer,212000.0,275600.0,63600.0
4058801065,98178,272000.0,279000.0,summer,272000.0,299200.0,27200.0
4279900140,98178,281000.0,279000.0,winter,251000.0,326300.0,75300.0
3348401622,98178,281000.0,279000.0,winter,223000.0,289900.0,66900.0
4060000290,98178,281000.0,279000.0,winter,253000.0,328900.0,75900.0
2144800146,98178,281000.0,279000.0,winter,257500.0,334750.0,77250.0
2126049032,98125,431750.0,425000.0,winter,375000.0,487500.0,112500.0
4427100105,98125,431750.0,425000.0,winter,398000.0,517400.0,119400.0
9324800110,98125,431750.0,425000.0,winter,420000.0,546000.0,126000.0
1454100056,98125,431750.0,425000.0,winter,355000.0,461500.0,106500.0
4427100025,98125,421000.0,425000.0,summer,270000.0,351000.0,81000.0
6381500065,98125,431750.0,425000.0,winter,376500.0,489450.0,112950.0
6413100311,98125,431750.0,425000.0,winter,390000.0,507000.0,117000.0
6414100133,98125,431750.0,425000.0,winter,337000.0,438100.0,101100.0
6413600285,98125,431750.0,425000.0,winter,402000.0,522600.0,120600.0
8822900115,98125,421000.0,425000.0,summer,306000.0,397800.0,91800.0
5667100025,98125,431750.0,425000.0,winter,405000.0,526500.0,121500.0
3649100320,98028,438000.0,445500.0,summer,330000.0,429000.0,99000.0
8718500075,98028,450000.0,445500.0,winter,396000.0,514800.0,118800.0
3818700016,98028,450000.0,445500.0,winter,434000.0,564200.0,130200.0
5631500905,98028,438000.0,445500.0,summer,272925.0,354802.5,81877.5
114100297,98028,450000.0,445500.0,winter,400000.0,520000.0,120000.0
6181700250,98028,450000.0,445500.0,winter,350000.0,455000.0,105000.0
3013301525,98136,500000.0,489950.0,summer,453500.0,589550.0,136050.0
2594200375,98136,500000.0,489950.0,summer,427500.0,555750.0,128250.0
7104100050,98136,481725.0,489950.0,winter,485000.0,533500.0,48500.0
312000295,98136,500000.0,489950.0,summer,400000.0,520000.0,120000.0
1090000075,98136,500000.0,489950.0,summer,393000.0,510900.0,117900.0
7504180070,98074,647495.0,643250.0,winter,577000.0,750100.0,173100.0
3575301550,98074,647495.0,643250.0,winter,560000.0,728000.0,168000.0
8653600050,98074,647495.0,643250.0,winter,572000.0,743600.0,171600.0
3575302880,98074,640000.0,643250.0,summer,339300.0,441090.0,101790.0
8562901010,98074,647495.0,643250.0,winter,505000.0,656500.0,151500.0
203900610,98053,602500.0,635000.0,winter,339000.0,440700.0,101700.0
2821049082,98003,277000.0,267475.0,summer,225000.0,292500.0,67500.0
4222310680,98003,277000.0,267475.0,summer,240000.0,312000.0,72000.0
3584000180,98003,277000.0,267475.0,summer,253400.0,329420.0,76020.0
1697000370,98198,266125.0,265000.0,winter,234000.0,304200.0,70200.0
6052401215,98198,266125.0,265000.0,winter,255000.0,331500.0,76500.0
84000335,98146,285950.0,309500.0,winter,225000.0,292500.0,67500.0
123039424,98146,285950.0,309500.0,winter,303000.0,333300.0,30300.0
6303400520,98146,319950.0,309500.0,summer,265000.0,344500.0,79500.0
7454001120,98146,285950.0,309500.0,winter,285950.0,314545.0,28595.0
7889600080,98146,285950.0,309500.0,winter,208000.0,270400.0,62400.0
7907600100,98146,285950.0,309500.0,winter,287500.0,316250.0,28750.0
722079104,98038,343250.0,342000.0,winter,314000.0,408200.0,94200.0
1545808560,98038,341000.0,342000.0,summer,245000.0,318500.0,73500.0
922069139,98038,341000.0,342000.0,summer,260000.0,338000.0,78000.0
1545807990,98038,343250.0,342000.0,winter,315000.0,409500.0,94500.0
1545802850,98038,343250.0,342000.0,winter,286000.0,371800.0,85800.0
1545803340,98038,343250.0,342000.0,winter,269000.0,349700.0,80700.0
1545801970,98038,341000.0,342000.0,summer,250000.0,325000.0,75000.0
4396000180,98038,343250.0,342000.0,winter,267500.0,347750.0,80250.0
1441300130,98038,343250.0,342000.0,winter,319000.0,414700.0,95700.0
5111400086,98038,341000.0,342000.0,summer,110000.0,143000.0,33000.0
1545806720,98038,341000.0,342000.0,summer,254950.0,331435.0,76485.0
646500070,98007,549950.0,555000.0,winter,420000.0,546000.0,126000.0
4039400410,98007,580000.0,555000.0,summer,525000.0,682500.0,157500.0
2207200635,98007,580000.0,555000.0,summer,439800.0,571740.0,131940.0
3188100400,98115,592500.0,567250.0,summer,530000.0,689000.0,159000.0
8815400105,98115,592500.0,567250.0,summer,500000.0,650000.0,150000.0
2464400340,98115,542000.0,567250.0,winter,381500.0,495950.0,114450.0
9547205225,98115,592500.0,567250.0,summer,540000.0,702000.0,162000.0
3908100020,98115,592500.0,567250.0,summer,540000.0,702000.0,162000.0
3692900010,98115,592500.0,567250.0,summer,445000.0,578500.0,133500.0
5282200015,98115,592500.0,567250.0,summer,525000.0,682500.0,157500.0
2979800845,98115,592500.0,567250.0,summer,501000.0,651300.0,150300.0
3735901600,98115,542000.0,567250.0,winter,435000.0,565500.0,130500.0
5101402435,98115,592500.0,567250.0,summer,539000.0,700700.0,161700.0
9222400565,98115,592500.0,567250.0,summer,474000.0,616200.0,142200.0
6884800262,98115,592500.0,567250.0,summer,535000.0,695500.0,160500.0
1566100450,98115,592500.0,567250.0,summer,505000.0,656500.0,151500.0
2887701251,98115,542000.0,567250.0,winter,392800.0,510640.0,117840.0
8024201210,98115,542000.0,567250.0,winter,550000.0,605000.0,55000.0
9221400600,98115,592500.0,567250.0,summer,462000.0,600600.0,138600.0
2767600171,98107,536500.0,529950.0,summer,440000.0,572000.0,132000.0
2768301490,98107,515000.0,529950.0,winter,402000.0,522600.0,120600.0
2516000475,98107,536500.0,529950.0,summer,455000.0,591500.0,136500.0
2516000486,98107,515000.0,529950.0,winter,402500.0,523250.0,120750.0
2768100040,98107,515000.0,529950.0,winter,515000.0,566500.0,51500.0
1175001135,98107,536500.0,529950.0,summer,424000.0,551200.0,127200.0
2769602710,98107,515000.0,529950.0,winter,517950.0,569745.0,51795.0
5347200160,98126,396500.0,396587.5,winter,235000.0,305500.0,70500.0
7454000030,98126,396500.0,396587.5,winter,250000.0,325000.0,75000.0
1781500435,98126,396500.0,396587.5,winter,260000.0,338000.0,78000.0
9842300485,98126,396675.0,396587.5,summer,380000.0,494000.0,114000.0
2492200956,98126,396675.0,396587.5,summer,360000.0,468000.0,108000.0
2695600195,98126,396675.0,396587.5,summer,379500.0,493350.0,113850.0
7454000605,98126,396500.0,396587.5,winter,279000.0,362700.0,83700.0
7452500285,98126,396500.0,396587.5,winter,280000.0,364000.0,84000.0
7452500770,98126,396500.0,396587.5,winter,267500.0,347750.0,80250.0
4364200015,98126,396675.0,396587.5,summer,335000.0,435500.0,100500.0
7454000990,98126,396500.0,396587.5,winter,304950.0,396435.0,91485.0
7454000875,98126,396500.0,396587.5,winter,299000.0,388700.0,89700.0
8122100905,98126,396675.0,396587.5,summer,395000.0,513500.0,118500.0
2130700860,98019,410000.0,402750.0,winter,375000.0,487500.0,112500.0
2129700142,98019,400000.0,402750.0,summer,201000.0,261300.0,60300.0
3363900111,98103,562250.0,550000.0,summer,437500.0,568750.0,131250.0
3362900696,98103,539450.0,550000.0,winter,415000.0,539500.0,124500.0
3797000300,98103,539450.0,550000.0,winter,405000.0,526500.0,121500.0
3362400615,98103,539450.0,550000.0,winter,400000.0,520000.0,120000.0
6430500010,98103,539450.0,550000.0,winter,547000.0,601700.0,54700.0
3797000680,98103,539450.0,550000.0,winter,549000.0,603900.0,54900.0
3363400655,98103,539450.0,550000.0,winter,549000.0,603900.0,54900.0
1931300425,98103,562250.0,550000.0,summer,539000.0,700700.0,161700.0
6046400755,98103,562250.0,550000.0,summer,475000.0,617500.0,142500.0
1172000150,98103,539450.0,550000.0,winter,238000.0,309400.0,71400.0
6813600365,98103,562250.0,550000.0,summer,527950.0,686335.0,158385.0
3797000330,98103,562250.0,550000.0,summer,471001.0,612301.3,141300.30000000005
8021701115,98103,539450.0,550000.0,winter,549000.0,603900.0,54900.0
9266701085,98103,539450.0,550000.0,winter,409950.0,532935.0,122985.0
9266700256,98103,562250.0,550000.0,summer,470000.0,611000.0,141000.0
3797000035,98103,562250.0,550000.0,summer,430000.0,559000.0,129000.0
6431500122,98103,562250.0,550000.0,summer,520000.0,676000.0,156000.0
1972201161,98103,562250.0,550000.0,summer,435000.0,565500.0,130500.0
1997200245,98103,539450.0,550000.0,winter,540000.0,594000.0,54000.0
1202000200,98002,236500.0,235000.0,winter,233000.0,302900.0,69900.0
1450100070,98002,236500.0,235000.0,winter,208000.0,270400.0,62400.0
3021059155,98002,234500.0,235000.0,summer,161500.0,209950.0,48450.0
7116000425,98002,234500.0,235000.0,summer,150000.0,195000.0,45000.0
3339900640,98002,236500.0,235000.0,winter,200000.0,260000.0,60000.0
1921059235,98002,236500.0,235000.0,winter,215000.0,279500.0,64500.0
7116500125,98002,236500.0,235000.0,winter,189000.0,245700.0,56700.0
8581400450,98002,234500.0,235000.0,summer,159995.0,207993.5,47998.5
1450100420,98002,236500.0,235000.0,winter,205000.0,266500.0,61500.0
6131600255,98002,236500.0,235000.0,winter,202500.0,263250.0,60750.0
9150100020,98002,236500.0,235000.0,winter,189000.0,245700.0,56700.0
7335400020,98002,236500.0,235000.0,winter,219500.0,285350.0,65850.0
8581400015,98002,236500.0,235000.0,winter,189900.0,246870.0,56970.0
9499200220,98002,236500.0,235000.0,winter,234000.0,304200.0,70200.0
7335400065,98002,236500.0,235000.0,winter,229950.0,298935.0,68985.0
1755700060,98133,362500.0,375000.0,winter,371500.0,408650.00000000006,37150.00000000006
2231500030,98133,378975.0,375000.0,summer,315000.0,409500.0,94500.0
726049184,98133,378975.0,375000.0,summer,294000.0,382200.0,88200.0
396100025,98133,378975.0,375000.0,summer,339999.0,441998.7,101999.70000000001
6671900130,98133,362500.0,375000.0,winter,370000.0,407000.00000000006,37000.00000000006
414100630,98133,378975.0,375000.0,summer,335000.0,435500.0,100500.0
2231800020,98133,362500.0,375000.0,winter,366000.0,402600.00000000006,36600.00000000006
626049091,98133,362500.0,375000.0,winter,275500.0,358150.0,82650.0
7276100145,98133,378975.0,375000.0,summer,344950.0,448435.0,103485.0
3293700496,98133,362500.0,375000.0,winter,270000.0,351000.0,81000.0
3705900124,98133,378975.0,375000.0,summer,302000.0,392600.0,90600.0
415100085,98133,378975.0,375000.0,summer,350000.0,455000.0,105000.0
1397300120,98133,362500.0,375000.0,winter,364500.0,400950.00000000006,36450.00000000006
6671900095,98133,378975.0,375000.0,summer,313000.0,406900.0,93900.0
6885900415,98133,378975.0,375000.0,summer,290000.0,377000.0,87000.0
1074100110,98133,378975.0,375000.0,summer,355300.0,461890.0,106590.0
191100045,98040,994500.0,993750.0,summer,940000.0,1222000.0,282000.0
5458800125,98040,994500.0,993750.0,summer,925000.0,1202500.0,277500.0
5450900140,98040,994500.0,993750.0,summer,830000.0,1079000.0,249000.0
3626500045,98040,989950.0,993750.0,winter,760000.0,988000.0,228000.0
5315100806,98040,994500.0,993750.0,summer,940000.0,1222000.0,282000.0
5021900160,98040,989950.0,993750.0,winter,711000.0,924300.0,213300.0
5451210100,98040,994500.0,993750.0,summer,938000.0,1219400.0,281400.0
5021900779,98040,994500.0,993750.0,summer,785000.0,1020500.0,235500.0
1483300430,98040,989950.0,993750.0,winter,554000.0,720200.0,166200.0
5021900175,98040,989950.0,993750.0,winter,500000.0,650000.0,150000.0
1824059079,98040,994500.0,993750.0,summer,880000.0,1144000.0,264000.0
2174503441,98040,989950.0,993750.0,winter,650000.0,845000.0,195000.0
5459000240,98040,994500.0,993750.0,summer,785000.0,1020500.0,235500.0
6672900220,98040,994500.0,993750.0,summer,984000.0,1279200.0,295200.0
5460900120,98040,994500.0,993750.0,summer,989900.0,1286870.0,296970.0
5459000305,98040,989950.0,993750.0,winter,648752.0,843377.6,194625.59999999998
2599001200,98092,311500.0,309780.0,winter,305000.0,396500.0,91500.0
7749500160,98092,308000.0,309780.0,summer,220000.0,286000.0,66000.0
3977630270,98092,308000.0,309780.0,summer,206990.0,269087.0,62097.0
3521059042,98092,311500.0,309780.0,winter,255500.0,332150.0,76650.0
3903200050,98092,311500.0,309780.0,winter,263950.0,343135.0,79185.0
3977630130,98092,308000.0,309780.0,summer,146300.0,190190.0,43890.0
7524600120,98092,311500.0,309780.0,winter,250000.0,325000.0,75000.0
1922059010,98030,281000.0,282255.0,summer,140000.0,182000.0,42000.0
1922059401,98030,282755.0,282255.0,winter,275000.0,357500.0,82500.0
7011201470,98119,756000.0,749950.0,summer,625000.0,812500.0,187500.0
2652500070,98119,756000.0,749950.0,summer,636000.0,826800.0,190800.0
6819100150,98119,756000.0,749950.0,summer,677915.0,881289.5,203374.5
4232903265,98119,756000.0,749950.0,summer,614950.0,799435.0,184485.0
3303700376,98112,841250.0,917500.0,winter,667000.0,867100.0,200100.0
8712100575,98112,841250.0,917500.0,winter,915000.0,1006500.0000000001,91500.00000000012
5016002180,98112,950000.0,917500.0,summer,780000.0,1014000.0,234000.0
1337800855,98112,841250.0,917500.0,winter,885000.0,973500.0000000001,88500.00000000012
9828700900,98112,841250.0,917500.0,winter,549000.0,713700.0,164700.0
6788201015,98112,950000.0,917500.0,summer,690000.0,897000.0,207000.0
6788200360,98112,950000.0,917500.0,summer,727000.0,945100.0,218100.0
8805900570,98112,950000.0,917500.0,summer,808000.0,1050400.0,242400.0
8712100720,98112,950000.0,917500.0,summer,785000.0,1020500.0,235500.0
9828700235,98112,841250.0,917500.0,winter,669000.0,869700.0,200700.0
7955040160,98052,625000.0,615000.0,summer,495000.0,643500.0,148500.0
8045000340,98052,625000.0,615000.0,summer,565000.0,734500.0,169500.0
9512501370,98052,625000.0,615000.0,summer,544300.0,707590.0,163290.0
1842300050,98052,599500.0,615000.0,winter,600000.0,660000.0,60000.0
339600190,98052,599500.0,615000.0,winter,420000.0,546000.0,126000.0
623069068,98027,557000.0,570500.0,winter,425000.0,552500.0,127500.0
5710600030,98027,573475.0,570500.0,summer,500000.0,650000.0,150000.0
2354300740,98027,573475.0,570500.0,summer,551000.0,716300.0,165300.0
3424069145,98027,557000.0,570500.0,winter,343000.0,445900.0,102900.0
5279100675,98027,557000.0,570500.0,winter,313000.0,406900.0,93900.0
2623069031,98027,573475.0,570500.0,summer,542500.0,705250.0,162750.0
2523069146,98027,557000.0,570500.0,winter,349900.0,454870.0,104970.0
3388300730,98027,573475.0,570500.0,summer,550388.0,715504.4,165116.40000000002
1823069155,98027,573475.0,570500.0,summer,525888.0,683654.4,157766.40000000002
5706200370,98027,573475.0,570500.0,summer,550000.0,715000.0,165000.0
5561000430,98027,573475.0,570500.0,summer,470000.0,611000.0,141000.0
5561401530,98027,573475.0,570500.0,summer,550000.0,715000.0,165000.0
3424069066,98027,557000.0,570500.0,winter,396450.0,515385.0,118935.0
1254200075,98117,549480.0,545000.0,winter,460000.0,598000.0,138000.0
2919702075,98117,549480.0,545000.0,winter,532500.0,692250.0,159750.0
7518502490,98117,549480.0,545000.0,winter,515000.0,669500.0,154500.0
9268200600,98117,537500.0,545000.0,summer,413500.0,537550.0,124050.0
9268200315,98117,549480.0,545000.0,winter,456000.0,592800.0,136800.0
7518505070,98117,537500.0,545000.0,summer,402000.0,522600.0,120600.0
2028701165,98117,549480.0,545000.0,winter,430000.0,559000.0,129000.0
3501600135,98117,549480.0,545000.0,winter,437500.0,568750.0,131250.0
4443800960,98117,549480.0,545000.0,winter,520000.0,676000.0,156000.0
2880100240,98117,549480.0,545000.0,winter,439950.0,571935.0,131985.0
7518503685,98117,537500.0,545000.0,summer,402000.0,522600.0,120600.0
1862400087,98117,549480.0,545000.0,winter,475000.0,617500.0,142500.0
7518507330,98117,549480.0,545000.0,winter,535610.0,696293.0,160683.0
2872100385,98117,549480.0,545000.0,winter,460000.0,598000.0,138000.0
2356800020,98117,537500.0,545000.0,summer,416000.0,540800.0,124800.0
2922701085,98117,537500.0,545000.0,summer,543000.0,597300.0,54300.0
4449800063,98117,549480.0,545000.0,winter,435000.0,565500.0,130500.0
4443800940,98117,549480.0,545000.0,winter,485000.0,630500.0,145500.0
1432400335,98058,335250.0,335000.0,summer,288000.0,374400.0,86400.0
2473400340,98058,335250.0,335000.0,summer,320000.0,416000.0,96000.0
1431700370,98058,335250.0,335000.0,summer,290000.0,377000.0,87000.0
5112800421,98058,327500.0,335000.0,winter,225500.0,293150.0,67650.0
2473400570,98058,335250.0,335000.0,summer,317000.0,412100.0,95100.0
2473250850,98058,335250.0,335000.0,summer,318500.0,414050.0,95550.0
2817800100,98058,327500.0,335000.0,winter,328950.0,361845.00000000006,32895.00000000006
1423600300,98058,327500.0,335000.0,winter,249950.0,324935.0,74985.0
1432400525,98058,327500.0,335000.0,winter,195000.0,253500.0,58500.0
1432900150,98058,335250.0,335000.0,summer,320000.0,416000.0,96000.0
5126400150,98058,327500.0,335000.0,winter,239950.0,311935.0,71985.0
8856890330,98058,335250.0,335000.0,summer,300000.0,390000.0,90000.0
984100340,98058,335250.0,335000.0,summer,296000.0,384800.0,88800.0
2473101360,98058,335250.0,335000.0,summer,289900.0,376870.0,86970.0
1432900310,98058,335250.0,335000.0,summer,320000.0,416000.0,96000.0
1432701510,98058,327500.0,335000.0,winter,249000.0,323700.0,74700.0
7229100040,98058,335250.0,335000.0,summer,300000.0,390000.0,90000.0
5126400230,98058,327500.0,335000.0,winter,199000.0,258700.0,59700.0
1423700680,98058,327500.0,335000.0,winter,190000.0,247000.0,57000.0
1431700280,98058,335250.0,335000.0,summer,310000.0,403000.0,93000.0
5112800210,98058,335250.0,335000.0,summer,255950.0,332735.0,76785.0
3353401710,98001,262250.0,260000.0,summer,227950.0,296335.0,68385.0
3353400860,98001,262250.0,260000.0,summer,249900.0,324870.0,74970.0
303000445,98001,256500.0,260000.0,winter,175000.0,227500.0,52500.0
3750605349,98001,262250.0,260000.0,summer,210500.0,273650.0,63150.0
1311000600,98001,262250.0,260000.0,summer,250000.0,325000.0,75000.0
321049090,98001,262250.0,260000.0,summer,254000.0,330200.0,76200.0
4463400195,98001,256500.0,260000.0,winter,170000.0,221000.0,51000.0
3750603940,98001,262250.0,260000.0,summer,240000.0,312000.0,72000.0
7905400160,98001,262250.0,260000.0,summer,246900.0,320970.0,74070.0
1311000270,98001,262250.0,260000.0,summer,247000.0,321100.0,74100.0
321049193,98001,262250.0,260000.0,summer,215000.0,279500.0,64500.0
3353401340,98001,262250.0,260000.0,summer,199900.0,259870.0,59970.0
3205000310,98056,386000.0,380000.0,summer,345000.0,448500.0,103500.0
1066600045,98056,386000.0,380000.0,summer,350000.0,455000.0,105000.0
428000055,98056,386000.0,380000.0,summer,322500.0,419250.0,96750.0
418000310,98056,375000.0,380000.0,winter,155000.0,201500.0,46500.0
9476700135,98056,386000.0,380000.0,summer,300000.0,390000.0,90000.0
3276180140,98056,386000.0,380000.0,summer,365000.0,474500.0,109500.0
3343903640,98056,375000.0,380000.0,winter,249000.0,323700.0,74700.0
8805400090,98056,375000.0,380000.0,winter,289000.0,375700.0,86700.0
7227501745,98056,386000.0,380000.0,summer,368000.0,478400.0,110400.0
7227501450,98056,375000.0,380000.0,winter,240000.0,312000.0,72000.0
7227500020,98056,375000.0,380000.0,winter,259950.0,337935.0,77985.0
422000010,98056,386000.0,380000.0,summer,299950.0,389935.0,89985.0
421000185,98056,375000.0,380000.0,winter,200000.0,260000.0,60000.0
9476200545,98056,375000.0,380000.0,winter,270000.0,351000.0,81000.0
7789000080,98056,375000.0,380000.0,winter,253905.0,330076.5,76171.5
7227502155,98056,375000.0,380000.0,winter,208000.0,270400.0,62400.0
3268000040,98056,386000.0,380000.0,summer,339900.0,441870.0,101970.0
424500100,98056,375000.0,380000.0,winter,189900.0,246870.0,56970.0
428000150,98056,375000.0,380000.0,winter,269950.0,350935.0,80985.0
419000015,98056,386000.0,380000.0,summer,299950.0,389935.0,89985.0
425200205,98056,375000.0,380000.0,winter,165000.0,214500.0,49500.0
7227500450,98056,375000.0,380000.0,winter,222900.0,289770.0,66870.0
420000085,98056,375000.0,380000.0,winter,238000.0,309400.0,71400.0
2064800600,98056,386000.0,380000.0,summer,367500.0,477750.0,110250.0
7227501765,98056,375000.0,380000.0,winter,265000.0,344500.0,79500.0
425200145,98056,375000.0,380000.0,winter,265000.0,344500.0,79500.0
3343901242,98056,386000.0,380000.0,summer,335000.0,435500.0,100500.0
8074200160,98056,375000.0,380000.0,winter,265000.0,344500.0,79500.0
1061500510,98056,386000.0,380000.0,summer,350000.0,455000.0,105000.0
7227801580,98056,375000.0,380000.0,winter,232000.0,301600.0,69600.0
418000330,98056,375000.0,380000.0,winter,199950.0,259935.0,59985.0
7788400065,98056,386000.0,380000.0,summer,317000.0,412100.0,95100.0
3343300644,98056,386000.0,380000.0,summer,343000.0,445900.0,102900.0
7809200035,98056,375000.0,380000.0,winter,290000.0,377000.0,87000.0
3343901848,98056,386000.0,380000.0,summer,313100.0,407030.0,93930.0
424500035,98056,375000.0,380000.0,winter,250000.0,325000.0,75000.0
3344500183,98056,375000.0,380000.0,winter,375000.0,412500.00000000006,37500.00000000006
8026200080,98056,386000.0,380000.0,summer,372000.0,483600.0,111600.0
9476200020,98056,375000.0,380000.0,winter,254000.0,330200.0,76200.0
1332700010,98056,386000.0,380000.0,summer,305000.0,396500.0,91500.0
3342102385,98056,375000.0,380000.0,winter,376000.0,413600.00000000006,37600.00000000006
418000415,98056,375000.0,380000.0,winter,191000.0,248300.0,57300.0
421000500,98056,375000.0,380000.0,winter,209995.0,272993.5,62998.5
7227501190,98056,375000.0,380000.0,winter,250000.0,325000.0,75000.0
7227500740,98056,375000.0,380000.0,winter,217000.0,282100.0,65100.0
9476200650,98056,375000.0,380000.0,winter,245000.0,318500.0,73500.0
9476200580,98056,375000.0,380000.0,winter,250000.0,325000.0,75000.0
923059206,98056,386000.0,380000.0,summer,374000.0,486200.0,112200.0
2968800626,98166,414500.0,390000.0,summer,355000.0,461500.0,106500.0
243000380,98166,355500.0,390000.0,winter,365000.0,401500.00000000006,36500.00000000006
1218000025,98166,355500.0,390000.0,winter,246000.0,319800.0,73800.0
1430800100,98166,355500.0,390000.0,winter,356000.0,391600.00000000006,35600.00000000006
4338800685,98166,414500.0,390000.0,summer,299999.0,389998.7,89999.70000000001
1217000270,98166,414500.0,390000.0,summer,338995.0,440693.5,101698.5
1900600040,98166,355500.0,390000.0,winter,265000.0,344500.0,79500.0
4337600005,98166,355500.0,390000.0,winter,153000.0,198900.0,45900.0
2968801240,98166,355500.0,390000.0,winter,211000.0,274300.0,63300.0
2968801605,98166,355500.0,390000.0,winter,285000.0,370500.0,85500.0
5029450850,98023,267172.5,268450.0,summer,205000.0,266500.0,61500.0
9202000080,98023,269000.0,268450.0,winter,215000.0,279500.0,64500.0
1099600090,98023,267172.5,268450.0,summer,205000.0,266500.0,61500.0
395800370,98023,269000.0,268450.0,winter,246600.0,320580.0,73980.0
5029450290,98023,269000.0,268450.0,winter,230000.0,299000.0,69000.0
8944300010,98023,269000.0,268450.0,winter,230000.0,299000.0,69000.0
9211500230,98023,269000.0,268450.0,winter,263000.0,341900.0,78900.0
2817100570,98070,481000.0,467500.0,winter,453000.0,588900.0,135900.0
8550001515,98070,481000.0,467500.0,winter,429592.0,558469.6,128877.59999999998
2551500220,98070,462500.0,467500.0,summer,330000.0,429000.0,99000.0
2051200506,98070,481000.0,467500.0,winter,390000.0,507000.0,117000.0
1535204365,98070,481000.0,467500.0,winter,428000.0,556400.0,128400.0
2436701180,98105,653000.0,675000.0,winter,671500.0,738650.0000000001,67150.00000000012
3856905010,98105,706000.0,675000.0,summer,565000.0,734500.0,169500.0
2436700315,98105,653000.0,675000.0,winter,441500.0,573950.0,132450.0
1928300350,98105,706000.0,675000.0,summer,570000.0,741000.0,171000.0
6746700565,98105,653000.0,675000.0,winter,447000.0,581100.0,134100.0
8827900560,98105,653000.0,675000.0,winter,655000.0,720500.0,65500.0
3589500260,98105,706000.0,675000.0,summer,550000.0,715000.0,165000.0
9550202700,98105,653000.0,675000.0,winter,460000.0,598000.0,138000.0
2436700540,98105,653000.0,675000.0,winter,665000.0,731500.0000000001,66500.00000000012
8813400345,98105,706000.0,675000.0,summer,575000.0,747500.0,172500.0
9550204450,98105,706000.0,675000.0,summer,651000.0,846300.0,195300.0
1796360350,98042,300000.0,292000.0,summer,255000.0,331500.0,76500.0
7942100310,98042,300000.0,292000.0,summer,232000.0,301600.0,69600.0
8648200030,98042,300000.0,292000.0,summer,260000.0,338000.0,78000.0
1865810060,98042,300000.0,292000.0,summer,267500.0,347750.0,80250.0
2916620240,98042,300000.0,292000.0,summer,264950.0,344435.0,79485.0
8651441620,98042,280000.0,292000.0,winter,210000.0,273000.0,63000.0
8651443480,98042,280000.0,292000.0,winter,282000.0,310200.0,28200.0
8651410090,98042,280000.0,292000.0,winter,209000.0,271700.0,62700.0
8651401270,98042,280000.0,292000.0,winter,203000.0,263900.0,60900.0
8651400750,98042,280000.0,292000.0,winter,209950.0,272935.0,62985.0
322059097,98042,300000.0,292000.0,summer,269900.0,350870.0,80970.0
2522059112,98042,300000.0,292000.0,summer,248500.0,323050.0,74550.0
7942200050,98042,300000.0,292000.0,summer,261000.0,339300.0,78300.0
7942100290,98042,280000.0,292000.0,winter,199000.0,258700.0,59700.0
2212900920,98042,280000.0,292000.0,winter,215000.0,279500.0,64500.0
8651430780,98042,280000.0,292000.0,winter,178000.0,231400.0,53400.0
1274500420,98042,300000.0,292000.0,summer,234000.0,304200.0,70200.0
8651402910,98042,280000.0,292000.0,winter,176000.0,228800.0,52800.0
2618300190,98042,300000.0,292000.0,summer,255000.0,331500.0,76500.0
8651410740,98042,280000.0,292000.0,winter,189000.0,245700.0,56700.0
8092700230,98042,300000.0,292000.0,summer,249950.0,324935.0,74985.0
8651411460,98042,280000.0,292000.0,winter,214000.0,278200.0,64200.0
2212900180,98042,280000.0,292000.0,winter,220000.0,286000.0,66000.0
7942100180,98042,300000.0,292000.0,summer,230000.0,299000.0,69000.0
5469300330,98042,300000.0,292000.0,summer,275000.0,357500.0,82500.0
8651443360,98042,280000.0,292000.0,winter,195700.0,254410.0,58710.0
6600400270,98042,280000.0,292000.0,winter,202000.0,262600.0,60600.0
8651411070,98042,280000.0,292000.0,winter,180000.0,234000.0,54000.0
1796380060,98042,300000.0,292000.0,summer,253000.0,328900.0,75900.0
6600400370,98042,280000.0,292000.0,winter,215000.0,279500.0,64500.0
8651411420,98042,280000.0,292000.0,winter,218000.0,283400.0,65400.0
8651443420,98042,280000.0,292000.0,winter,280000.0,308000.0,28000.0
8651400730,98042,280000.0,292000.0,winter,191000.0,248300.0,57300.0
2569600150,98042,300000.0,292000.0,summer,235000.0,305500.0,70500.0
8651402700,98042,280000.0,292000.0,winter,202950.0,263835.0,60885.0
8651441210,98042,300000.0,292000.0,summer,230000.0,299000.0,69000.0
8651430870,98042,280000.0,292000.0,winter,177000.0,230100.0,53100.0
8651441750,98042,280000.0,292000.0,winter,174950.0,227435.0,52485.0
5547500050,98042,300000.0,292000.0,summer,255000.0,331500.0,76500.0
8651402750,98042,280000.0,292000.0,winter,219950.0,285935.0,65985.0
8651410670,98042,280000.0,292000.0,winter,189950.0,246935.0,56985.0
8651410190,98042,280000.0,292000.0,winter,179950.0,233935.0,53985.0
8651430220,98042,280000.0,292000.0,winter,183000.0,237900.0,54900.0
8651430210,98042,280000.0,292000.0,winter,217000.0,282100.0,65100.0
8651400580,98042,280000.0,292000.0,winter,195000.0,253500.0,58500.0
8092500720,98042,300000.0,292000.0,summer,230000.0,299000.0,69000.0
3222069156,98042,300000.0,292000.0,summer,270000.0,351000.0,81000.0
621069154,98042,300000.0,292000.0,summer,226000.0,293800.0,67800.0
3298300130,98008,545000.0,545000.0,summer,474905.0,617376.5,142471.5
3275750290,98008,545000.0,545000.0,summer,480000.0,624000.0,144000.0
3298200320,98008,545000.0,545000.0,summer,445000.0,578500.0,133500.0
7752000065,98008,545000.0,545000.0,summer,537000.0,698100.0,161100.0
259800680,98008,545000.0,545000.0,summer,534000.0,694200.0,160200.0
5231000060,98059,428250.0,435000.0,winter,310000.0,403000.0,93000.0
7230200340,98059,428250.0,435000.0,winter,305000.0,396500.0,91500.0
9353300140,98059,428250.0,435000.0,winter,284950.0,370435.0,85485.0
2787720140,98059,440000.0,435000.0,summer,416000.0,540800.0,124800.0
3450300270,98059,428250.0,435000.0,winter,268000.0,348400.0,80400.0
7230300100,98059,428250.0,435000.0,winter,320000.0,416000.0,96000.0
9353300090,98059,440000.0,435000.0,summer,360000.0,468000.0,108000.0
3450300020,98059,428250.0,435000.0,winter,329000.0,427700.0,98700.0
2787720170,98059,440000.0,435000.0,summer,395000.0,513500.0,118500.0
5169700022,98059,440000.0,435000.0,summer,334950.0,435435.0,100485.0
323059146,98059,440000.0,435000.0,summer,343000.0,445900.0,102900.0
2787700150,98059,440000.0,435000.0,summer,365000.0,474500.0,109500.0
3211100240,98059,440000.0,435000.0,summer,349000.0,453700.0,104700.0
2787700060,98059,440000.0,435000.0,summer,420000.0,546000.0,126000.0
1081310060,98059,440000.0,435000.0,summer,375000.0,487500.0,112500.0
323059208,98059,428250.0,435000.0,winter,320000.0,416000.0,96000.0
5095401360,98059,440000.0,435000.0,summer,418000.0,543400.0,125400.0
2787700180,98059,428250.0,435000.0,winter,320000.0,416000.0,96000.0
7229900145,98059,428250.0,435000.0,winter,430000.0,473000.00000000006,43000.00000000006
3211101010,98059,428250.0,435000.0,winter,319500.0,415350.0,95850.0
7230300610,98059,440000.0,435000.0,summer,352500.0,458250.0,105750.0
7229900285,98059,440000.0,435000.0,summer,390000.0,507000.0,117000.0
5104200380,98059,428250.0,435000.0,winter,265000.0,344500.0,79500.0
3211000190,98059,428250.0,435000.0,winter,310000.0,403000.0,93000.0
2787700630,98059,440000.0,435000.0,summer,399000.0,518700.0,119700.0
1081330210,98059,440000.0,435000.0,summer,410000.0,533000.0,123000.0
1523059103,98059,440000.0,435000.0,summer,390000.0,507000.0,117000.0
3793700210,98059,428250.0,435000.0,winter,299000.0,388700.0,89700.0
3449000060,98059,428250.0,435000.0,winter,320000.0,416000.0,96000.0
2258500049,98122,577000.0,572000.0,summer,469000.0,609700.0,140700.0
9818700430,98122,567500.0,572000.0,winter,421500.0,547950.0,126450.0
1186000150,98122,577000.0,572000.0,summer,563250.0,732225.0,168975.0
7942600975,98122,577000.0,572000.0,summer,505000.0,656500.0,151500.0
9818700455,98122,577000.0,572000.0,summer,518000.0,673400.0,155400.0
3253500160,98144,450000.0,450000.0,summer,317625.0,412912.5,95287.5
9834200885,98144,465000.0,450000.0,winter,360000.0,468000.0,108000.0
5393601050,98144,465000.0,450000.0,winter,445000.0,578500.0,133500.0
7319900345,98144,465000.0,450000.0,winter,438500.0,570050.0,131550.0
1250201130,98144,465000.0,450000.0,winter,410000.0,533000.0,123000.0
1250201194,98144,465000.0,450000.0,winter,449000.0,583700.0,134700.0
3644100072,98144,450000.0,450000.0,summer,245000.0,318500.0,73500.0
3644100030,98144,465000.0,450000.0,winter,432500.0,562250.0,129750.0
9834200305,98144,450000.0,450000.0,summer,350000.0,455000.0,105000.0
3644100073,98144,450000.0,450000.0,summer,245000.0,318500.0,73500.0
4395600060,98004,1190000.0,1150000.0,summer,935000.0,1215500.0,280500.0
824059083,98004,1190000.0,1150000.0,summer,993000.0,1290900.0,297900.0
824059277,98004,1190000.0,1150000.0,summer,985000.0,1280500.0,295500.0
4389201021,98004,1190000.0,1150000.0,summer,1014250.0,1318525.0,304275.0
686900030,98004,1190000.0,1150000.0,summer,999950.0,1299935.0,299985.0
6669000070,98004,1190000.0,1150000.0,summer,1000000.0,1300000.0,300000.0
3860900111,98004,1094000.0,1150000.0,winter,695000.0,903500.0,208500.0
629000410,98004,1190000.0,1150000.0,summer,915000.0,1189500.0,274500.0
629000704,98004,1190000.0,1150000.0,summer,1000000.0,1300000.0,300000.0
6664000130,98004,1094000.0,1150000.0,winter,635250.0,825825.0,190575.0
4389200761,98004,1094000.0,1150000.0,winter,1100000.0,1210000.0,110000.0
514500090,98005,745000.0,765475.0,summer,550000.0,715000.0,165000.0
9541800075,98005,788000.0,765475.0,winter,685650.0,891345.0,205695.0
2330000035,98005,788000.0,765475.0,winter,710000.0,923000.0,213000.0
9542400010,98005,745000.0,765475.0,summer,745000.0,819500.0000000001,74500.00000000012
5307100280,98005,788000.0,765475.0,winter,680000.0,884000.0,204000.0
3191000240,98034,450000.0,445975.0,summer,400000.0,520000.0,120000.0
9477100060,98034,440000.0,445975.0,winter,445950.0,490545.00000000006,44595.00000000006
9477001280,98034,450000.0,445975.0,summer,425000.0,552500.0,127500.0
3303230110,98034,450000.0,445975.0,summer,424000.0,551200.0,127200.0
1853200080,98034,450000.0,445975.0,summer,350000.0,455000.0,105000.0
1138000250,98034,450000.0,445975.0,summer,350000.0,455000.0,105000.0
8835200330,98034,450000.0,445975.0,summer,399950.0,519935.0,119985.0
7696300180,98034,450000.0,445975.0,summer,410000.0,533000.0,123000.0
1049010050,98034,450000.0,445975.0,summer,386100.0,501930.0,115830.0
9477000650,98034,450000.0,445975.0,summer,397000.0,516100.0,119100.0
7527200030,98075,759950.0,739999.0,summer,700000.0,910000.0,210000.0
8099900260,98075,710000.0,739999.0,winter,544500.0,707850.0,163350.0
1024069037,98075,710000.0,739999.0,winter,525000.0,682500.0,157500.0
3570000160,98075,759950.0,739999.0,summer,610000.0,793000.0,183000.0
1024069063,98075,759950.0,739999.0,summer,620000.0,806000.0,186000.0
952002765,98116,577000.0,562750.0,summer,460000.0,598000.0,138000.0
2313900560,98116,531250.0,562750.0,winter,554000.0,609400.0,55400.0
6384500581,98116,531250.0,562750.0,winter,555000.0,610500.0,55500.0
585000008,98116,577000.0,562750.0,summer,460000.0,598000.0,138000.0
6385000025,98116,577000.0,562750.0,summer,521450.0,677885.0,156435.0
513000445,98116,531250.0,562750.0,winter,554950.0,610445.0,55495.0
3389900800,98116,531250.0,562750.0,winter,395000.0,513500.0,118500.0
324000370,98116,577000.0,562750.0,summer,502000.0,652600.0,150600.0
7905200230,98116,531250.0,562750.0,winter,330000.0,429000.0,99000.0
952001765,98116,531250.0,562750.0,winter,558000.0,613800.0,55800.0
7579200715,98116,531250.0,562750.0,winter,400000.0,520000.0,120000.0
9278200095,98116,577000.0,562750.0,summer,465000.0,604500.0,139500.0
8100000090,98010,352499.5,360000.0,winter,256000.0,332800.0,76800.0
844001140,98010,352499.5,360000.0,winter,206000.0,267800.0,61800.0
844000425,98010,352499.5,360000.0,winter,199999.0,259998.7,59999.70000000001
3622069050,98010,352499.5,360000.0,winter,212644.0,276437.2,63793.20000000001
3222079136,98010,352499.5,360000.0,winter,213000.0,276900.0,63900.0
421069081,98010,398000.0,360000.0,summer,337000.0,438100.0,101100.0
3332500265,98118,389000.0,367638.5,summer,311000.0,404300.0,93300.0
7129302615,98118,389000.0,367638.5,summer,292000.0,379600.0,87600.0
323049148,98118,389000.0,367638.5,summer,319000.0,414700.0,95700.0
6882510020,98118,389000.0,367638.5,summer,340000.0,442000.0,102000.0
3336001470,98118,389000.0,367638.5,summer,311000.0,404300.0,93300.0
3904100220,98118,349950.0,367638.5,winter,276000.0,358800.0,82800.0
3330500925,98118,349950.0,367638.5,winter,258305.0,335796.5,77491.5
2658000215,98118,349950.0,367638.5,winter,207000.0,269100.0,62100.0
2123700100,98118,349950.0,367638.5,winter,353000.0,388300.00000000006,35300.00000000006
3419600125,98118,349950.0,367638.5,winter,245000.0,318500.0,73500.0
7338401230,98118,389000.0,367638.5,summer,285000.0,370500.0,85500.0
6882510060,98118,349950.0,367638.5,winter,365000.0,401500.00000000006,36500.00000000006
8113101000,98118,389000.0,367638.5,summer,336000.0,436800.0,100800.0
3331001165,98118,389000.0,367638.5,summer,305000.0,396500.0,91500.0
7129304225,98118,389000.0,367638.5,summer,305000.0,396500.0,91500.0
7129302185,98118,389000.0,367638.5,summer,290000.0,377000.0,87000.0
2589300065,98118,389000.0,367638.5,summer,329900.0,428870.0,98970.0
7562100065,98118,349950.0,367638.5,winter,260000.0,338000.0,78000.0
7129303180,98118,389000.0,367638.5,summer,310000.0,403000.0,93000.0
3031200120,98118,349950.0,367638.5,winter,255000.0,331500.0,76500.0
6821102100,98199,650000.0,689800.0,winter,510000.0,663000.0,153000.0
1370803820,98199,710000.0,689800.0,summer,629000.0,817700.0,188700.0
6821100090,98199,710000.0,689800.0,summer,557800.0,725140.0,167340.0
3271300955,98199,710000.0,689800.0,summer,554729.0,721147.7000000001,166418.70000000007
6822100310,98199,650000.0,689800.0,winter,685000.0,753500.0000000001,68500.00000000012
6822100030,98199,710000.0,689800.0,summer,589000.0,765700.0,176700.0
8127700210,98199,710000.0,689800.0,summer,600000.0,780000.0,180000.0
2771104010,98199,710000.0,689800.0,summer,529999.0,688998.7000000001,158999.70000000007
7010701383,98199,650000.0,689800.0,winter,680000.0,748000.0000000001,68000.00000000012
3686900025,98032,244200.0,250000.0,winter,249000.0,273900.0,24900.0
6146600185,98032,244200.0,250000.0,winter,160000.0,208000.0,48000.0
8857600220,98032,244200.0,250000.0,winter,178500.0,232050.0,53550.0
9407001860,98045,415000.0,410000.0,summer,372000.0,483600.0,111600.0
9407001340,98045,415000.0,410000.0,summer,320000.0,416000.0,96000.0
7334500120,98045,391000.0,410000.0,winter,240000.0,312000.0,72000.0
9407001320,98045,391000.0,410000.0,winter,295000.0,383500.0,88500.0
626100023,98077,667500.0,654950.0,winter,600000.0,780000.0,180000.0
1626069178,98077,667500.0,654950.0,winter,535000.0,695500.0,160500.0
1771100440,98077,650000.0,654950.0,summer,360000.0,468000.0,108000.0
1626069220,98077,667500.0,654950.0,winter,562000.0,730600.0,168600.0
7549802600,98108,351500.0,342500.0,summer,335000.0,435500.0,100500.0
7883608693,98108,336000.0,342500.0,winter,191000.0,248300.0,57300.0
6082400260,98168,241250.0,235000.0,summer,231500.0,300950.0,69450.0
795000820,98168,241250.0,235000.0,summer,220000.0,286000.0,66000.0
179000100,98168,234550.0,235000.0,winter,174000.0,226200.0,52200.0
1446403305,98168,241250.0,235000.0,summer,206000.0,267800.0,61800.0
1446404015,98168,241250.0,235000.0,summer,200000.0,260000.0,60000.0
1623049145,98168,241250.0,235000.0,summer,210000.0,273000.0,63000.0
8018600980,98168,241250.0,235000.0,summer,187250.0,243425.0,56175.0
7279300070,98177,550000.0,554000.0,summer,345500.0,449150.0,103650.0
1124000050,98177,574250.0,554000.0,winter,461000.0,599300.0,138300.0
259100110,98177,574250.0,554000.0,winter,540000.0,702000.0,162000.0
3626039207,98177,574250.0,554000.0,winter,522500.0,679250.0,156750.0
3904910050,98029,579275.0,575000.0,summer,515000.0,669500.0,154500.0
6073200075,98006,768000.0,760369.0,summer,625000.0,812500.0,187500.0
6067910030,98006,768000.0,760369.0,summer,664000.0,863200.0,199200.0
6067900060,98006,756500.0,760369.0,winter,565000.0,734500.0,169500.0
6072100140,98006,756500.0,760369.0,winter,500000.0,650000.0,150000.0
2024059084,98006,768000.0,760369.0,summer,625000.0,812500.0,187500.0
2206700295,98006,756500.0,760369.0,winter,453000.0,588900.0,135900.0
6071700160,98006,768000.0,760369.0,summer,603500.0,784550.0,181050.0
2202500110,98006,756500.0,760369.0,winter,430000.0,559000.0,129000.0
6072100490,98006,756500.0,760369.0,winter,527500.0,685750.0,158250.0
6072400820,98006,756500.0,760369.0,winter,525000.0,682500.0,157500.0
8562800250,98006,768000.0,760369.0,summer,596000.0,774800.0,178800.0
6072760670,98006,768000.0,760369.0,summer,652450.0,848185.0,195735.0
643300010,98006,756500.0,760369.0,winter,365000.0,474500.0,109500.0
6072500050,98006,756500.0,760369.0,winter,560000.0,728000.0,168000.0
9346910500,98006,768000.0,760369.0,summer,700000.0,910000.0,210000.0
6073200020,98006,756500.0,760369.0,winter,485000.0,630500.0,145500.0
2206700215,98006,756500.0,760369.0,winter,550000.0,715000.0,165000.0
2141310820,98006,768000.0,760369.0,summer,689000.0,895700.0,206700.0
1777600230,98006,768000.0,760369.0,summer,610000.0,793000.0,183000.0
2141300620,98006,756500.0,760369.0,winter,550000.0,715000.0,165000.0
6071300030,98006,756500.0,760369.0,winter,464500.0,603850.0,139350.0
2206700070,98006,756500.0,760369.0,winter,435000.0,565500.0,130500.0
2204500550,98006,756500.0,760369.0,winter,425000.0,552500.0,127500.0
2600110560,98006,768000.0,760369.0,summer,750000.0,975000.0,225000.0
2824059128,98006,756500.0,760369.0,winter,510000.0,663000.0,153000.0
6071400710,98006,768000.0,760369.0,summer,648000.0,842400.0,194400.0
6071000310,98006,768000.0,760369.0,summer,622000.0,808600.0,186600.0
4036100175,98006,768000.0,760369.0,summer,689000.0,895700.0,206700.0
1777600210,98006,768000.0,760369.0,summer,590000.0,767000.0,177000.0
6072000910,98006,756500.0,760369.0,winter,480000.0,624000.0,144000.0
2204500480,98006,756500.0,760369.0,winter,551100.0,716430.0,165330.0
6072400280,98006,768000.0,760369.0,summer,619850.0,805805.0,185955.0
2211700290,98006,756500.0,760369.0,winter,538000.0,699400.0,161400.0
2201500680,98006,756500.0,760369.0,winter,501000.0,651300.0,150300.0
2141320230,98006,768000.0,760369.0,summer,710000.0,923000.0,213000.0
1951800580,98006,768000.0,760369.0,summer,590000.0,767000.0,177000.0
4139660040,98006,756500.0,760369.0,winter,760000.0,836000.0000000001,76000.00000000012
2205700180,98006,756500.0,760369.0,winter,545000.0,708500.0,163500.0
2024059059,98006,768000.0,760369.0,summer,693000.0,900900.0,207900.0
6071200455,98006,756500.0,760369.0,winter,550000.0,715000.0,165000.0
1777600900,98006,768000.0,760369.0,summer,710000.0,923000.0,213000.0
809002435,98109,723000.0,736000.0,winter,725000.0,797500.0000000001,72500.00000000012
5244801275,98109,723000.0,736000.0,winter,410500.0,533650.0,123150.0
1929300415,98109,740000.0,736000.0,summer,710000.0,923000.0,213000.0
5437820310,98022,280008.5,280000.0,winter,218000.0,283400.0,65400.0
1917300260,98022,280000.0,280000.0,summer,210000.0,273000.0,63000.0
7710100083,98022,280008.5,280000.0,winter,225000.0,292500.0,67500.0
5706500140,98022,280000.0,280000.0,summer,205500.0,267150.0,61650.0
8005100025,98022,280000.0,280000.0,summer,195000.0,253500.0,58500.0
5602000025,98022,280008.5,280000.0,winter,251000.0,326300.0,75300.0
2320069206,98022,280008.5,280000.0,winter,219000.0,284700.0,65700.0
853000261,98022,280000.0,280000.0,summer,197500.0,256750.0,59250.0
5595900280,98022,280008.5,280000.0,winter,235000.0,305500.0,70500.0
2372800050,98022,280008.5,280000.0,winter,220000.0,286000.0,66000.0
5602000275,98022,280008.5,280000.0,winter,259950.0,337935.0,77985.0
8005100540,98022,280000.0,280000.0,summer,215000.0,279500.0,64500.0
1645000710,98022,280008.5,280000.0,winter,255000.0,331500.0,76500.0
2220069196,98022,280008.5,280000.0,winter,253500.0,329550.0,76050.0
5602000105,98022,280008.5,280000.0,winter,265000.0,344500.0,79500.0
5595900316,98022,280008.5,280000.0,winter,231000.0,300300.0,69300.0
2372800145,98022,280008.5,280000.0,winter,219950.0,285935.0,65985.0
5595900210,98022,280000.0,280000.0,summer,195000.0,253500.0,58500.0
1320069249,98022,280000.0,280000.0,summer,192500.0,250250.0,57750.0
2420069242,98022,280000.0,280000.0,summer,175000.0,227500.0,52500.0
8091600080,98022,280008.5,280000.0,winter,225000.0,292500.0,67500.0
2420069268,98022,280000.0,280000.0,summer,184900.0,240370.0,55470.0
920069052,98022,280008.5,280000.0,winter,243950.0,317135.0,73185.0
2372800100,98022,280008.5,280000.0,winter,245000.0,318500.0,73500.0
9170500060,98033,694500.0,678000.0,summer,649000.0,843700.0,194700.0
1235700042,98033,694500.0,678000.0,summer,537000.0,698100.0,161100.0
4151800470,98033,660000.0,678000.0,winter,675000.0,742500.0000000001,67500.00000000012
3699100130,98033,660000.0,678000.0,winter,495000.0,643500.0,148500.0
3039000050,98033,694500.0,678000.0,summer,575000.0,747500.0,172500.0
3885805640,98033,694500.0,678000.0,summer,625000.0,812500.0,187500.0
3759500006,98033,694500.0,678000.0,summer,610000.0,793000.0,183000.0
3226059071,98033,660000.0,678000.0,winter,426000.0,553800.0,127800.0
325059126,98033,694500.0,678000.0,summer,565000.0,734500.0,169500.0
3900500110,98033,694500.0,678000.0,summer,627000.0,815100.0,188100.0
6743700015,98033,660000.0,678000.0,winter,392800.0,510640.0,117840.0
1088020070,98033,694500.0,678000.0,summer,645000.0,838500.0,193500.0
925059219,98033,660000.0,678000.0,winter,664000.0,730400.0000000001,66400.00000000012
3902310210,98033,694500.0,678000.0,summer,610000.0,793000.0,183000.0
1087900050,98033,694500.0,678000.0,summer,560000.0,728000.0,168000.0
2128000050,98033,694500.0,678000.0,summer,625000.0,812500.0,187500.0
7424600020,98033,694500.0,678000.0,summer,620000.0,806000.0,186000.0
7420200050,98033,694500.0,678000.0,summer,623000.0,809900.0,186900.0
1236300307,98033,694500.0,678000.0,summer,565000.0,734500.0,169500.0
3888100029,98033,660000.0,678000.0,winter,475300.0,617890.0,142590.0
5212000020,98033,694500.0,678000.0,summer,630100.0,819130.0,189030.0
2128000180,98033,694500.0,678000.0,summer,600000.0,780000.0,180000.0
3500100226,98155,380000.0,375000.0,summer,340895.0,443163.5,102268.5
7304300570,98155,380000.0,375000.0,summer,366500.0,476450.0,109950.0
3971700940,98155,380000.0,375000.0,summer,330000.0,429000.0,99000.0
6163901751,98155,380000.0,375000.0,summer,291500.0,378950.0,87450.0
1568100215,98155,380000.0,375000.0,summer,315000.0,409500.0,94500.0
411100020,98155,380000.0,375000.0,summer,310000.0,403000.0,93000.0
4024101434,98155,380000.0,375000.0,summer,318000.0,413400.0,95400.0
6163901381,98155,380000.0,375000.0,summer,295000.0,383500.0,88500.0
1568100225,98155,380000.0,375000.0,summer,343000.0,445900.0,102900.0
6668900005,98155,371500.0,375000.0,winter,266000.0,345800.0,79800.0
7305300090,98155,380000.0,375000.0,summer,338000.0,439400.0,101400.0
3995700325,98155,371500.0,375000.0,winter,275000.0,357500.0,82500.0
3738900105,98155,380000.0,375000.0,summer,350000.0,455000.0,105000.0
6163900971,98155,380000.0,375000.0,summer,352450.0,458185.0,105735.0
4024101395,98155,380000.0,375000.0,summer,370000.0,481000.0,111000.0
6163901061,98155,380000.0,375000.0,summer,329000.0,427700.0,98700.0
7304300430,98155,380000.0,375000.0,summer,364000.0,473200.0,109200.0
3500100015,98155,380000.0,375000.0,summer,327500.0,425750.0,98250.0
6163901380,98155,371500.0,375000.0,winter,244000.0,317200.0,73200.0
1568100220,98155,380000.0,375000.0,summer,350000.0,455000.0,105000.0
1387301360,98011,472500.0,470000.0,winter,411800.0,535340.0,123540.0
6204200590,98011,472500.0,470000.0,winter,410000.0,533000.0,123000.0
8096600100,98011,472500.0,470000.0,winter,455000.0,591500.0,136500.0
7016100120,98011,472500.0,470000.0,winter,440000.0,572000.0,132000.0
3387900390,98031,289029.5,288000.0,summer,255000.0,331500.0,76500.0
3110800260,98031,289029.5,288000.0,summer,274700.0,357110.0,82410.0
2796100160,98031,289029.5,288000.0,summer,250000.0,325000.0,75000.0
1761300850,98031,289029.5,288000.0,summer,271000.0,352300.0,81300.0
8802400896,98031,285000.0,288000.0,winter,204995.0,266493.5,61498.5
2212200100,98031,289029.5,288000.0,summer,229950.0,298935.0,68985.0
1761300340,98031,289029.5,288000.0,summer,251750.0,327275.0,75525.0
1355000220,98031,289029.5,288000.0,summer,243000.0,315900.0,72900.0
3388000040,98031,289029.5,288000.0,summer,260000.0,338000.0,78000.0
6457000080,98031,289029.5,288000.0,summer,269900.0,350870.0,80970.0
3298700125,98106,315000.0,315000.0,winter,280000.0,364000.0,84000.0
4302200336,98106,315000.0,315000.0,winter,300000.0,390000.0,90000.0
2113701080,98106,315000.0,315000.0,winter,300000.0,390000.0,90000.0
3438501662,98106,315000.0,315000.0,winter,270000.0,351000.0,81000.0
3438501020,98106,315000.0,315000.0,winter,308500.0,401050.0,92550.0
3438501150,98106,315000.0,315000.0,winter,300000.0,390000.0,90000.0
3876820140,98072,500000.0,515000.0,winter,373000.0,484900.0,111900.0
1775801090,98072,522500.0,515000.0,summer,465000.0,604500.0,139500.0
9144300120,98072,500000.0,515000.0,winter,374500.0,486850.0,112350.0
5379805460,98188,265000.0,265000.0,summer,245000.0,318500.0,73500.0
1003600080,98188,265000.0,265000.0,summer,245000.0,318500.0,73500.0
4435000490,98188,265000.0,265000.0,summer,249000.0,323700.0,74700.0
7148200040,98188,261500.0,265000.0,winter,173000.0,224900.0,51900.0
1001200050,98188,265000.0,265000.0,summer,259000.0,336700.0,77700.0
7231502505,98055,290250.0,295000.0,winter,220000.0,286000.0,66000.0
6623400193,98055,299000.0,295000.0,summer,257000.0,334100.0,77100.0
5365200040,98055,299000.0,295000.0,summer,235000.0,305500.0,70500.0
7224500010,98055,299000.0,295000.0,summer,253000.0,328900.0,75900.0
3262301355,98039,1892500.0,1892500.0,winter,1320000.0,1716000.0,396000.0
3738000070,98039,1900000.0,1892500.0,summer,1712750.0,2226575.0,513825.0
